.ninja_deps	91920
.ninja_log	15015
CMakeCache.txt	13863
CMakeFiles/3.28.3/CMakeCCompiler.cmake	2799
CMakeFiles/3.28.3/CMakeSystem.cmake	549
CMakeFiles/CMakeConfigureLog.yaml	7265
CMakeFiles/TargetDirectories.txt	4322
CMakeFiles/cmake.check_cache	85
CMakeFiles/rules.ninja	15236
build.ninja	508475
cmake_install.cmake	2271
config.h	365
opl/CMakeFiles/opl.dir/ioperm_sys.c.o	348
opl/CMakeFiles/opl.dir/opl.c.o	12522
opl/CMakeFiles/opl.dir/opl3.c.o	41010
opl/CMakeFiles/opl.dir/opl_linux.c.o	348
opl/CMakeFiles/opl.dir/opl_obsd.c.o	348
opl/CMakeFiles/opl.dir/opl_queue.c.o	5797
opl/CMakeFiles/opl.dir/opl_sdl.c.o	37163
opl/CMakeFiles/opl.dir/opl_timer.c.o	7920
opl/CMakeFiles/opl.dir/opl_win32.c.o	348
opl/cmake_install.cmake	1234
opl/libopl.a	107248
pcsound/CMakeFiles/pcsound.dir/pcsound.c.o	4223
pcsound/CMakeFiles/pcsound.dir/pcsound_bsd.c.o	348
pcsound/CMakeFiles/pcsound.dir/pcsound_linux.c.o	348
pcsound/CMakeFiles/pcsound.dir/pcsound_sdl.c.o	6840
pcsound/CMakeFiles/pcsound.dir/pcsound_win32.c.o	348
pcsound/cmake_install.cmake	1238
pcsound/libpcsound.a	12690
probe-shell.html	255
src/CMakeFiles/chocolate-doom.dir/aes_prng.c.o	34968
src/CMakeFiles/chocolate-doom.dir/d_event.c.o	4399
src/CMakeFiles/chocolate-doom.dir/d_iwad.c.o	18799
src/CMakeFiles/chocolate-doom.dir/d_loop.c.o	42681
src/CMakeFiles/chocolate-doom.dir/d_mode.c.o	7659
src/CMakeFiles/chocolate-doom.dir/deh_io.c.o	9405
src/CMakeFiles/chocolate-doom.dir/deh_main.c.o	14135
src/CMakeFiles/chocolate-doom.dir/deh_mapping.c.o	6583
src/CMakeFiles/chocolate-doom.dir/deh_str.c.o	10516
src/CMakeFiles/chocolate-doom.dir/deh_text.c.o	4781
src/CMakeFiles/chocolate-doom.dir/gusconf.c.o	9838
src/CMakeFiles/chocolate-doom.dir/i_cdmus.c.o	2919
src/CMakeFiles/chocolate-doom.dir/i_endoom.c.o	2212
src/CMakeFiles/chocolate-doom.dir/i_flmusic.c.o	348
src/CMakeFiles/chocolate-doom.dir/i_glob.c.o	10914
src/CMakeFiles/chocolate-doom.dir/i_input.c.o	36815
src/CMakeFiles/chocolate-doom.dir/i_joystick.c.o	25940
src/CMakeFiles/chocolate-doom.dir/i_main.c.o	2996
src/CMakeFiles/chocolate-doom.dir/i_musicpack.c.o	51516
src/CMakeFiles/chocolate-doom.dir/i_oplmusic.c.o	46061
src/CMakeFiles/chocolate-doom.dir/i_pcsound.c.o	11610
src/CMakeFiles/chocolate-doom.dir/i_sdlmusic.c.o	13201
src/CMakeFiles/chocolate-doom.dir/i_sdlsound.c.o	23671
src/CMakeFiles/chocolate-doom.dir/i_sound.c.o	17051
src/CMakeFiles/chocolate-doom.dir/i_system.c.o	11661
src/CMakeFiles/chocolate-doom.dir/i_timer.c.o	3079
src/CMakeFiles/chocolate-doom.dir/i_video.c.o	65952
src/CMakeFiles/chocolate-doom.dir/i_videohr.c.o	35540
src/CMakeFiles/chocolate-doom.dir/i_winmusic.c.o	348
src/CMakeFiles/chocolate-doom.dir/m_argv.c.o	8961
src/CMakeFiles/chocolate-doom.dir/m_bbox.c.o	2073
src/CMakeFiles/chocolate-doom.dir/m_cheat.c.o	2783
src/CMakeFiles/chocolate-doom.dir/m_config.c.o	50947
src/CMakeFiles/chocolate-doom.dir/m_controls.c.o	30973
src/CMakeFiles/chocolate-doom.dir/m_fixed.c.o	1966
src/CMakeFiles/chocolate-doom.dir/m_misc.c.o	19198
src/CMakeFiles/chocolate-doom.dir/memio.c.o	6143
src/CMakeFiles/chocolate-doom.dir/midifallback.c.o	348
src/CMakeFiles/chocolate-doom.dir/midifile.c.o	19847
src/CMakeFiles/chocolate-doom.dir/mus2mid.c.o	14020
src/CMakeFiles/chocolate-doom.dir/net_client.c.o	67889
src/CMakeFiles/chocolate-doom.dir/net_common.c.o	16491
src/CMakeFiles/chocolate-doom.dir/net_dedicated.c.o	4574
src/CMakeFiles/chocolate-doom.dir/net_gui.c.o	18071
src/CMakeFiles/chocolate-doom.dir/net_io.c.o	6503
src/CMakeFiles/chocolate-doom.dir/net_loop.c.o	8422
src/CMakeFiles/chocolate-doom.dir/net_packet.c.o	9694
src/CMakeFiles/chocolate-doom.dir/net_petname.c.o	7313
src/CMakeFiles/chocolate-doom.dir/net_query.c.o	28336
src/CMakeFiles/chocolate-doom.dir/net_sdl.c.o	3908
src/CMakeFiles/chocolate-doom.dir/net_server.c.o	500220
src/CMakeFiles/chocolate-doom.dir/net_structrw.c.o	22562
src/CMakeFiles/chocolate-doom.dir/sha1.c.o	21885
src/CMakeFiles/chocolate-doom.dir/tables.c.o	69213
src/CMakeFiles/chocolate-doom.dir/v_diskicon.c.o	5942
src/CMakeFiles/chocolate-doom.dir/v_video.c.o	23057
src/CMakeFiles/chocolate-doom.dir/w_checksum.c.o	4481
src/CMakeFiles/chocolate-doom.dir/w_file.c.o	3452
src/CMakeFiles/chocolate-doom.dir/w_file_posix.c.o	348
src/CMakeFiles/chocolate-doom.dir/w_file_stdc.c.o	4180
src/CMakeFiles/chocolate-doom.dir/w_file_win32.c.o	348
src/CMakeFiles/chocolate-doom.dir/w_main.c.o	8428
src/CMakeFiles/chocolate-doom.dir/w_merge.c.o	16910
src/CMakeFiles/chocolate-doom.dir/w_wad.c.o	14455
src/CMakeFiles/chocolate-doom.dir/z_zone.c.o	14173
src/chocolate-doom.js	394441
src/chocolate-doom.wasm	9475720
src/cmake_install.cmake	1978
src/doom-res.rc	802
src/doom/CMakeFiles/doom.dir/am_map.c.o	78764
src/doom/CMakeFiles/doom.dir/d_items.c.o	1819
src/doom/CMakeFiles/doom.dir/d_main.c.o	126967
src/doom/CMakeFiles/doom.dir/d_net.c.o	45165
src/doom/CMakeFiles/doom.dir/deh_ammo.c.o	5484
src/doom/CMakeFiles/doom.dir/deh_bexstr.c.o	63983
src/doom/CMakeFiles/doom.dir/deh_cheat.c.o	7446
src/doom/CMakeFiles/doom.dir/deh_doom.c.o	2954
src/doom/CMakeFiles/doom.dir/deh_frame.c.o	35516
src/doom/CMakeFiles/doom.dir/deh_misc.c.o	8290
src/doom/CMakeFiles/doom.dir/deh_ptr.c.o	37747
src/doom/CMakeFiles/doom.dir/deh_sound.c.o	9392
src/doom/CMakeFiles/doom.dir/deh_thing.c.o	11905
src/doom/CMakeFiles/doom.dir/deh_weapon.c.o	7184
src/doom/CMakeFiles/doom.dir/doomdef.c.o	348
src/doom/CMakeFiles/doom.dir/doomstat.c.o	2485
src/doom/CMakeFiles/doom.dir/dstrings.c.o	3235
src/doom/CMakeFiles/doom.dir/f_finale.c.o	67275
src/doom/CMakeFiles/doom.dir/f_wipe.c.o	9909
src/doom/CMakeFiles/doom.dir/g_game.c.o	111292
src/doom/CMakeFiles/doom.dir/hu_lib.c.o	11407
src/doom/CMakeFiles/doom.dir/hu_stuff.c.o	71764
src/doom/CMakeFiles/doom.dir/info.c.o	84849
src/doom/CMakeFiles/doom.dir/m_menu.c.o	56357
src/doom/CMakeFiles/doom.dir/m_random.c.o	2622
src/doom/CMakeFiles/doom.dir/p_ceilng.c.o	46743
src/doom/CMakeFiles/doom.dir/p_doors.c.o	51268
src/doom/CMakeFiles/doom.dir/p_enemy.c.o	89290
src/doom/CMakeFiles/doom.dir/p_floor.c.o	51854
src/doom/CMakeFiles/doom.dir/p_inter.c.o	63491
src/doom/CMakeFiles/doom.dir/p_lights.c.o	45325
src/doom/CMakeFiles/doom.dir/p_map.c.o	73189
src/doom/CMakeFiles/doom.dir/p_maputl.c.o	60179
src/doom/CMakeFiles/doom.dir/p_mobj.c.o	65878
src/doom/CMakeFiles/doom.dir/p_plats.c.o	48070
src/doom/CMakeFiles/doom.dir/p_pspr.c.o	59482
src/doom/CMakeFiles/doom.dir/p_saveg.c.o	76215
src/doom/CMakeFiles/doom.dir/p_setup.c.o	63075
src/doom/CMakeFiles/doom.dir/p_sight.c.o	47766
src/doom/CMakeFiles/doom.dir/p_spec.c.o	68714
src/doom/CMakeFiles/doom.dir/p_switch.c.o	52488
src/doom/CMakeFiles/doom.dir/p_telept.c.o	43802
src/doom/CMakeFiles/doom.dir/p_tick.c.o	4097
src/doom/CMakeFiles/doom.dir/p_user.c.o	45820
src/doom/CMakeFiles/doom.dir/r_bsp.c.o	63312
src/doom/CMakeFiles/doom.dir/r_data.c.o	60582
src/doom/CMakeFiles/doom.dir/r_draw.c.o	29410
src/doom/CMakeFiles/doom.dir/r_main.c.o	86076
src/doom/CMakeFiles/doom.dir/r_plane.c.o	148304
src/doom/CMakeFiles/doom.dir/r_segs.c.o	58984
src/doom/CMakeFiles/doom.dir/r_sky.c.o	1465
src/doom/CMakeFiles/doom.dir/r_things.c.o	74594
src/doom/CMakeFiles/doom.dir/s_sound.c.o	58258
src/doom/CMakeFiles/doom.dir/sounds.c.o	12810
src/doom/CMakeFiles/doom.dir/st_lib.c.o	9398
src/doom/CMakeFiles/doom.dir/st_stuff.c.o	76998
src/doom/CMakeFiles/doom.dir/statdump.c.o	18959
src/doom/CMakeFiles/doom.dir/wi_stuff.c.o	89572
src/doom/cmake_install.cmake	1239
src/doom/libdoom.a	2731890
src/heretic-res.rc	805
src/heretic/cmake_install.cmake	1242
src/hexen-res.rc	803
src/hexen/cmake_install.cmake	1240
src/setup-res.rc	756
src/setup/cmake_install.cmake	1240
src/setup/setup-manifest.xml	1763
src/strife-res.rc	804
src/strife/cmake_install.cmake	1241
textscreen/CMakeFiles/textscreen.dir/txt_button.c.o	6313
textscreen/CMakeFiles/textscreen.dir/txt_checkbox.c.o	7359
textscreen/CMakeFiles/textscreen.dir/txt_conditional.c.o	7444
textscreen/CMakeFiles/textscreen.dir/txt_desktop.c.o	14144
textscreen/CMakeFiles/textscreen.dir/txt_dropdown.c.o	11655
textscreen/CMakeFiles/textscreen.dir/txt_fileselect.c.o	15278
textscreen/CMakeFiles/textscreen.dir/txt_gui.c.o	13080
textscreen/CMakeFiles/textscreen.dir/txt_inputbox.c.o	12272
textscreen/CMakeFiles/textscreen.dir/txt_io.c.o	6523
textscreen/CMakeFiles/textscreen.dir/txt_label.c.o	7688
textscreen/CMakeFiles/textscreen.dir/txt_radiobutton.c.o	7491
textscreen/CMakeFiles/textscreen.dir/txt_scrollpane.c.o	14601
textscreen/CMakeFiles/textscreen.dir/txt_sdl.c.o	84808
textscreen/CMakeFiles/textscreen.dir/txt_separator.c.o	5824
textscreen/CMakeFiles/textscreen.dir/txt_spinctrl.c.o	14516
textscreen/CMakeFiles/textscreen.dir/txt_strut.c.o	4209
textscreen/CMakeFiles/textscreen.dir/txt_table.c.o	29825
textscreen/CMakeFiles/textscreen.dir/txt_utf8.c.o	4007
textscreen/CMakeFiles/textscreen.dir/txt_widget.c.o	12722
textscreen/CMakeFiles/textscreen.dir/txt_window.c.o	17295
textscreen/CMakeFiles/textscreen.dir/txt_window_action.c.o	9629
textscreen/cmake_install.cmake	1241
textscreen/libtextscreen.a	311640
